AccessionNum,stem,basePair,i,j,k,pair-i,pair-j,dist
CR936257,UU,D-Loop,10,24,4,13,21,4
CR936257,UU,Anticodon,25,43,6,26,42,2
AE013169,AC,T-Loop,52,64,2,52,64,1
AE013169,AG,Anticodon,26,44,6,26,44,1
BX321863,AG,Anticodon,26,44,6,26,44,1
AC006340,AG,Anticodon,26,44,6,26,44,1
X03154,AG,Anticodon,27,45,6,27,45,1
AF137379,CU,Anticodon,26,44,6,26,44,1
AF137379,UU,D-Loop,10,25,4,13,22,4
CP000473,AG,Anticodon,26,44,6,26,44,1
BA000023,AG,Anticodon,29,47,6,29,47,1
AE014184,AG,Anticodon,27,45,6,27,45,1
CP000099,AG,Anticodon,26,44,6,26,44,1
X04465,AG,Anticodon,27,45,6,27,45,1
AY933788,AG,Anticodon,26,44,6,26,44,1
AE000520,AC,Anticodon,27,45,6,30,42,4
AE000520,AG,Anticodon,27,45,6,27,45,1
CP000143,AG,Anticodon,27,45,6,27,45,1
AY934387,AG,Anticodon,24,42,6,24,42,1
DQ396875,AA,Anticodon,27,45,6,27,45,1
DQ396875,AC,Anticodon,27,45,6,28,44,2
AY934018,AG,Anticodon,26,44,6,26,44,1
AY934018,CC,Acceptor,1,72,6,3,70,3
BA000021,AA,Anticodon,27,45,6,27,45,1
BA000021,AC,Anticodon,27,45,6,32,40,6
AP006618,CU,Anticodon,25,43,6,25,43,1
X04779,AG,Anticodon,26,44,6,26,44,1
AE017159,AG,Anticodon,25,43,6,25,43,1
AY934393,AG,Anticodon,26,44,6,26,44,1
AC004932,AA,Anticodon,25,43,6,25,43,1
AC004932,AC,T-Loop,48,64,5,52,60,5
BX640433,AG,D-Loop,10,24,4,13,21,4
BX640433,AG,Anticodon,25,43,6,25,43,1
CP000412,AG,Anticodon,26,44,6,26,44,1
K02972,AC,D-Loop,10,28,4,12,26,3
K02972,AG,D-Loop,10,28,4,13,25,4
CP000423,AC,Anticodon,27,45,6,27,45,1
AE009952,AA,D-Loop,10,24,4,13,21,4
AE009952,AC,Anticodon,25,43,6,25,43,1
AY934351,AG,Anticodon,26,44,6,26,44,1
AY934254,AG,Anticodon,22,40,6,22,40,1
AE000657,AG,Anticodon,26,44,6,26,44,1
U41549,AC,Acceptor,1,71,7,2,70,2
U41549,AC,Anticodon,26,44,6,26,44,1
DQ093144,AG,Anticodon,26,44,6,26,44,1
CP000492,AG,D-Loop,10,24,4,13,21,4
CP000492,AG,Anticodon,25,43,6,25,43,1
AY934184,AG,Anticodon,22,40,6,22,40,1
AJ010592,AA,Anticodon,25,43,6,25,43,1
CP000471,CU,Anticodon,25,43,6,25,43,1
K00349,AG,Anticodon,26,44,6,26,44,1
CP000493,AG,Anticodon,27,47,6,27,47,1
CP000142,AG,Anticodon,27,45,6,27,45,1
BA000011,AG,Anticodon,26,44,6,26,44,1
AY933864,AC,Acceptor,1,66,4,1,66,1
AY933864,AG,Anticodon,23,41,6,23,41,1
BX569691,AC,Anticodon,27,45,6,27,45,1
CP000141,AG,Anticodon,27,45,6,27,45,1
AE008623,AA,Anticodon,27,45,6,27,45,1
AJ294725,AA,Anticodon,26,44,6,26,44,1
AJ294725,UU,Anticodon,26,44,6,30,40,5
