AccessionNum,total,unpaired,I,II,III,IV,V,AA,AC,AG,AU,CC,CG,CU,GG,GU,UU,notes
d.5.a.H.morrhuae.2,120,42,7,8,7,7,10,0,1,1,7,0,25,1,0,2,2,
d.5.b.A.tumefaciens,120,42,10,8,7,7,7,1,0,1,6,0,25,1,1,4,0,
d.5.e.C.elegans.1,119,45,9,8,7,5,8,0,0,0,12,0,20,1,0,3,1,
d.5.b.E.coli,120,40,10,8,7,7,8,0,0,2,7,0,24,0,1,6,0,
d.5.e.A.immersus.1,119,45,9,8,7,5,8,0,0,0,13,0,20,1,0,2,1,
d.5.e.H.sapiens.1,119,45,9,8,7,5,8,1,4,1,5,0,15,1,0,9,1,
d.5.e.G.arboreum,120,46,9,8,7,5,8,0,1,0,8,1,21,2,0,4,0,
d.5.a.Sulfolobus.sp.B12,126,40,11,8,7,7,10,0,1,0,9,0,29,1,0,3,0,
d.5.e.Hemicentrotus.sp,120,46,9,8,7,5,8,0,0,0,8,0,22,1,0,5,1,
d.5.e.M.salmoides,120,46,9,8,7,5,8,0,0,0,6,0,25,1,0,4,1,
d.5.e.M.fossilis,120,46,9,8,7,5,8,0,0,0,7,0,23,1,0,5,1,
d.5.b.G.stearothermophilus.2,117,41,8,8,7,7,8,0,0,2,6,0,23,1,1,4,1,
d.5.a.N.magadii,125,49,6,8,7,7,10,0,0,1,6,0,24,1,0,5,1,
d.5.e.G.riobambae,120,46,9,8,7,5,8,0,0,0,6,0,26,1,0,3,1,
d.5.e.O.sativa.2,119,45,9,8,7,5,8,0,1,0,10,0,19,1,2,4,0,
d.5.e.A.salina,120,46,9,8,7,5,8,0,1,0,7,0,24,1,0,3,1,
d.5.a.M.vacuolata,127,45,10,8,7,7,9,0,0,1,13,0,20,2,0,3,2,
d.5.e.S.pombe.1,119,45,9,8,7,5,8,0,0,0,10,0,20,1,0,6,0,
d.5.e.P.radiata,120,46,9,8,7,5,8,0,2,0,8,0,21,2,0,4,0,
d.5.a.M.barkeri,130,44,11,8,7,7,10,0,0,1,12,0,22,3,0,2,3,
d.5.e.E.eurystomus,120,46,9,8,7,5,8,0,1,0,11,0,20,1,0,3,1,
d.5.e.S.canicula,120,46,9,8,7,5,8,0,0,1,8,0,23,1,0,3,1,
d.5.e.T.aestivum,120,46,9,8,7,5,8,0,1,1,10,0,18,2,0,5,0,
d.5.e.L.japonicum,120,46,9,8,7,5,8,0,0,0,8,0,24,1,0,3,1,
d.5.e.A.tabira,120,46,9,8,7,5,8,0,0,0,9,0,23,1,0,3,1,
d.5.a.P.occultum,130,38,14,8,7,7,10,0,0,0,5,0,38,1,0,2,0,
d.5.a.T.celer.1,127,43,10,8,7,7,10,1,0,1,2,0,33,1,0,4,0,
d.5.a.P.aerophilum,131,41,12,9,7,7,10,0,0,1,1,1,34,2,1,5,0,Computed incorrectly. Manually modified I stem from two length 6 stems to one length 12.
d.5.e.C.carpio,120,46,9,8,7,5,8,0,0,0,7,0,25,1,0,3,1,
d.5.e.I.illecebrosus,120,46,9,8,7,5,8,0,1,0,10,0,21,1,0,3,1,
d.5.e.M.glyptostroboides,120,46,9,8,7,5,8,0,1,0,7,0,24,2,0,3,0,
d.5.a.H.salinarum.1,121,45,7,8,7,7,9,0,0,1,5,0,25,1,0,3,3,
d.5.b.G.stearothermophilus.4,117,41,8,8,7,7,8,0,0,2,6,0,23,1,1,4,1,
d.5.a.M.thermolithotrophicus.2,120,40,11,8,7,7,7,1,1,1,12,0,18,1,0,6,0,
d.5.e.A.pernyi,120,46,9,8,7,5,8,0,0,1,8,0,24,1,0,2,1,
d.5.e.E.kokanica,120,46,9,8,7,5,8,0,1,0,8,0,22,2,0,4,0,
d.5.e.L.luteus,120,46,9,8,7,5,8,0,1,0,10,0,21,2,0,3,0,
d.5.e.S.cynthia.XBM,120,46,9,8,7,5,8,0,0,0,11,1,21,0,0,3,1,
d.5.a.H.mediterranei.1,123,45,7,8,7,7,10,0,0,1,7,0,24,1,0,3,3,
d.5.e.B.vorax,120,46,9,8,7,5,8,0,1,0,12,0,19,1,0,4,0,
d.5.a.D.mobilis,133,39,15,8,7,7,10,0,1,0,9,0,34,1,0,2,0,
d.5.e.Q.petraea,120,46,9,8,7,5,8,0,1,0,10,0,21,2,0,3,0,
d.5.e.P.brevicirris,120,46,9,8,7,5,8,0,0,0,8,0,22,1,0,5,1,
d.5.e.P.coxalis,120,46,9,8,7,5,8,0,1,0,9,0,21,1,0,4,1,
d.5.a.M.fervidus,124,40,11,8,7,7,9,0,0,1,10,0,28,1,0,2,0,
d.5.a.M.formicicum,126,40,11,8,7,7,10,0,0,1,10,0,21,1,0,8,2,
d.5.b.M.genitalium,118,46,10,8,7,7,4,2,0,0,13,0,15,1,1,4,0,
d.5.e.D.melanogaster.1,120,46,9,8,7,5,8,0,0,0,9,1,21,1,1,3,1,
d.5.b.G.stearothermophilus.3,119,43,8,8,7,7,8,0,3,2,7,0,18,1,2,4,1,
d.5.a.M.jannaschii.rrnB,120,40,11,8,7,7,7,1,0,1,5,0,29,1,0,3,0,
